uuid,started_at,ended_at,description
4ff1ee0a-b655-4e84-8360-238a766be366,2019-07-12T08:47:00+08:00,2019-07-12T09:12:00+08:00,#P1 E1
82db15bf-25e6-4756-9fe0-15f941174e81,2019-07-12T09:55:00+08:00,2019-07-12T10:20:00+08:00,#P2 E2
8cdc749a-7c08-415e-924d-f410ae3963ef,2019-07-12T10:25:00+08:00,2019-07-12T10:50:00+08:00,#P2 E2
777c3952-77c4-4de4-a58c-9b9ebc3e7e01,2019-07-12T12:26:54+08:00,2019-07-12T12:52:10+08:00,#P3 E3
d0893558-7f2c-4a4b-b6ef-76d749811fc0,2019-07-12T12:52:13+08:00,2019-07-12T13:17:39+08:00,#P3 E3
ee2a8691-6eff-43aa-b1f8-cf70dc8422f7,2019-07-12T13:36:42+08:00,2019-07-12T14:01:52+08:00,#P2 E4
7e26c919-aedf-4d3b-9e84-88a1ce801985,2019-07-12T14:07:01+08:00,2019-07-12T14:32:08+08:00,#P2 E4
85ef7804-0957-4c96-94c3-6d012baf308e,2019-07-12T14:58:05+08:00,2019-07-12T15:29:45+08:00,#P1 E5
a2012724-0f5c-4a53-bd44-c165ae07045b,2019-07-12T15:37:18+08:00,2019-07-12T16:02:27+08:00,#P1 E5
998ded41-ba74-421a-95dc-333c18df7a1d,2019-07-12T16:29:34+08:00,2019-07-12T16:58:16+08:00,#P2 E6
